Name,Sector,Gender,Number,Percentage
אילין,Arab,Female,93,0.55
אלמא,Arab,Female,70,0.41
אמל,Arab,Female,77,0.45
ביסאן,Arab,Female,176,1.04
גזל,Arab,Female,148,0.87
דימא,Arab,Female,93,0.55
איאן,Arab,Female,25,0.15
איה,Arab,Female,184,1.09
יארא,Arab,Female,28,0.17
לארא,Arab,Female,34,0.2
לונא,Arab,Female,17,0.1
לור,Arab,Female,42,0.25
אימאן,Arab,Female,70,0.41
אליאנה,Arab,Female,5,0.5
אלין,Arab,Female,256,1.51
למא,Arab,Female,77,0.45
למאר,Arab,Female,143,0.84
לנא,Arab,Female,76,0.45
אן,Arab,Female,9,0.81
אנוור,Arab,Female,17,0.1
אסיל,Arab,Female,131,0.77
אסלאם,Arab,Female,37,0.22
ארין,Arab,Female,28,0.17
בראאה,Arab,Female,38,0.22
ג'וד,Arab,Female,41,0.24
ג'נא,Arab,Female,332,1.96
גוד,Arab,Female,27,0.16
גורי,Arab,Female,134,0.79
דנה,Arab,Female,27,0.16
מיאר,Arab,Female,108,0.64
מייס,Arab,Female,68,0.4
מילא,Arab,Female,45,0.27
חלא,Arab,Female,192,1.13
מינא,Arab,Female,36,0.21
מירא,Arab,Female,79,0.47
חלא,Arab,Female,13,1.17
טליה,Arab,Female,17,0.1
יסמין,Arab,Female,163,0.96
נאי,Arab,Female,39,0.23
נאיא,Arab,Female,96,0.57
ירין,Arab,Female,17,0.1
לורין,Arab,Female,39,0.23
ליאל,Arab,Female,26,0.15
ליאן,Arab,Female,308,1.82
לילה,Arab,Female,49,0.29
ליליאן,Arab,Female,29,0.17
לין,Arab,Female,239,1.41
מאיה,Arab,Female,42,0.25
מילאן,Arab,Female,7,0.63
מיראל,Arab,Female,114,0.67
מלאק,Arab,Female,269,1.59
מריה,Arab,Female,110,0.65
מרים,Arab,Female,419,2.47
נאיה,Arab,Female,48,0.28
נור,Arab,Female,236,1.39
נטלי,Arab,Female,9,0.9
ניל,Arab,Female,16,0.09
סאלי,Arab,Female,30,0.18
סילין,Arab,Female,152,0.9
סימה,Arab,Female,66,0.39
סמר,Arab,Female,18,0.11
עדן,Arab,Female,96,0.57
רוז,Arab,Female,8,0.72
ריאן,Arab,Female,34,0.2
שרה,Arab,Female,126,0.74
אביב,Jew,Female,171,0.28
אביה,Jew,Female,192,0.31
אגם,Jew,Female,611,0.99
אדר,Jew,Female,59,0.1
אופיר,Jew,Female,319,0.52
אופק,Jew,Female,54,0.09
אופרי,Jew,Female,44,0.07
אור,Jew,Female,377,0.61
אוראל,Jew,Female,36,0.06
אורי,Jew,Female,328,0.53
אוריאן,Jew,Female,139,0.22
אוריה,Jew,Female,349,0.56
אורין,Jew,Female,190,0.31
אורן,Jew,Female,25,0.04
אושר,Jew,Female,50,0.08
אושרי,Jew,Female,12,0.02
איה,Jew,Female,85,0.14
אייר,Jew,Female,11,0.02
אילי,Jew,Female,6,0.01
אימרי,Jew,Female,10,0.02
אלי,Jew,Female,86,0.14
אליאנה,Jew,Female,16,0.03
אליה,Jew,Female,251,0.41
אלין,Jew,Female,262,0.42
אלירז,Jew,Female,7,0.01
אלכס,Jew,Female,49,0.08
אלמוג,Jew,Female,51,0.08
אן,Jew,Female,41,0.07
אסיף,Jew,Female,9,0.01
אפק,Jew,Female,7,0.01
ארבל,Jew,Female,128,0.21
אריאל,Jew,Female,526,0.85
אריה,Jew,Female,7,0.01
ארין,Jew,Female,14,0.02
בארי,Jew,Female,19,0.03
בר,Jew,Female,151,0.24
ג'נא,Jew,Female,6,0.01
גבריאל,Jew,Female,10,0.02
גוני,Jew,Female,19,0.03
גיא,Jew,Female,7,0.01
גיל,Jew,Female,39,0.06
גילי,Jew,Female,244,0.39
גל,Jew,Female,120,0.19
גפן,Jew,Female,247,0.4
דור,Jew,Female,29,0.05
דורון,Jew,Female,41,0.07
דורי,Jew,Female,7,0.01
דנה,Jew,Female,71,0.11
דני,Jew,Female,17,0.03
דניאל,Jew,Female,287,0.46
דר,Jew,Female,9,0.01
דרור,Jew,Female,23,0.04
הדר,Jew,Female,411,0.66
הלל,Jew,Female,413,0.67
הראל,Jew,Female,18,0.03
זוהר,Jew,Female,204,0.33
זיו,Jew,Female,88,0.14
חושן,Jew,Female,34,0.05
חן,Jew,Female,83,0.13
טוהר,Jew,Female,329,0.53
טל,Jew,Female,144,0.23
טלאור,Jew,Female,18,0.03
טליה,Jew,Female,1063,1.72
יהב,Jew,Female,67,0.11
יהל,Jew,Female,77,0.12
יהלי,Jew,Female,328,0.53
יובל,Jew,Female,574,0.93
ים,Jew,Female,29,0.05
יסמין,Jew,Female,96,0.16
ירדן,Jew,Female,221,0.36
ירין,Jew,Female,50,0.08
כרם,Jew,Female,21,0.03
כרמי,Jew,Female,21,0.03
כרמל,Jew,Female,157,0.25
לוטם,Jew,Female,58,0.09
לורין,Jew,Female,10,0.02
לי,Jew,Female,36,0.06
ליאור,Jew,Female,219,0.35
ליאל,Jew,Female,287,0.46
ליאם,Jew,Female,100,0.16
ליאן,Jew,Female,517,0.84
ליבי,Jew,Female,297,0.48
לילה,Jew,Female,12,0.02
ליליאן,Jew,Female,7,0.01
לין,Jew,Female,57,0.09
ליעד,Jew,Female,26,0.04
לירון,Jew,Female,58,0.09
לירז,Jew,Female,43,0.07
לירי,Jew,Female,73,0.12
לירן,Jew,Female,16,0.03
לישי,Jew,Female,9,0.01
לני,Jew,Female,58,0.09
לשם,Jew,Female,12,0.02
מאור,Jew,Female,69,0.11
מאורי,Jew,Female,11,0.02
מאיה,Jew,Female,1200,1.94
מור,Jew,Female,40,0.06
מורן,Jew,Female,8,0.01
מטר,Jew,Female,16,0.03
מיאל,Jew,Female,28,0.05
מיכאל,Jew,Female,8,0.01
מיכל,Jew,Female,753,1.22
מיראל,Jew,Female,11,0.02
מירון,Jew,Female,6,0.01
מישל,Jew,Female,89,0.14
מיתר,Jew,Female,43,0.07
מנור,Jew,Female,30,0.05
מעיין,Jew,Female,462,0.75
מרום,Jew,Female,12,0.02
מריה,Jew,Female,19,0.03
מרים,Jew,Female,555,0.9
מתן,Jew,Female,16,0.03
נאיה,Jew,Female,14,0.02
נועם,Jew,Female,381,0.62
נור,Jew,Female,11,0.02
נטלי,Jew,Female,46,0.07
נטע,Jew,Female,377,0.61
ניב,Jew,Female,7,0.01
ניצן,Jew,Female,75,0.12
ניר,Jew,Female,15,0.02
נרי,Jew,Female,8,0.01
נריה,Jew,Female,15,0.02
סהר,Jew,Female,46,0.07
סול,Jew,Female,58,0.09
סיון,Jew,Female,51,0.08
סילין,Jew,Female,6,0.01
סימה,Jew,Female,34,0.05
סתיו,Jew,Female,74,0.12
עדי,Jew,Female,540,0.87
עדיאל,Jew,Female,12,0.02
עדן,Jew,Female,284,0.46
עומר,Jew,Female,169,0.27
עומרי,Jew,Female,6,0.01
עופר,Jew,Female,6,0.01
עופרי,Jew,Female,348,0.56
עידן,Jew,Female,18,0.03
עינב,Jew,Female,27,0.04
עמית,Jew,Female,354,0.57
עמנואל,Jew,Female,69,0.11
ענבר,Jew,Female,116,0.19
פאר,Jew,Female,25,0.04
פלג,Jew,Female,24,0.04
פריאל,Jew,Female,51,0.08
ציון,Jew,Female,13,0.02
קדם,Jew,Female,14,0.02
רביד,Jew,Female,20,0.03
רוז,Jew,Female,8,0.01
רום,Jew,Female,14,0.02
רומי,Jew,Female,704,1.14
רון,Jew,Female,29,0.05
רוני,Jew,Female,657,1.06
רותם,Jew,Female,223,0.36
רז,Jew,Female,52,0.08
ריף,Jew,Female,14,0.02
רני,Jew,Female,49,0.08
שביט,Jew,Female,12,0.02
שובל,Jew,Female,36,0.06
שוהם,Jew,Female,156,0.25
שחף,Jew,Female,25,0.04
שחר,Jew,Female,237,0.38
שי,Jew,Female,201,0.32
שי-לי,Jew,Female,176,0.28
שילה,Jew,Female,6,0.01
שיר,Jew,Female,306,0.49
שמחה,Jew,Female,16,0.03
שקד,Jew,Female,308,0.5
שרה,Jew,Female,863,1.39
שרון,Jew,Female,26,0.04
תבל,Jew,Female,25,0.04
תום,Jew,Female,23,0.04
תומר,Jew,Female,17,0.03
נורה,Arab,Female,22,0.13
סילא,Arab,Female,49,0.29
סמא,Arab,Female,66,0.39
ראמא,Arab,Female,68,0.4
רהף,Arab,Female,209,1.23
רפיף,Arab,Female,69,0.41
תאלא,Arab,Female,183,1.08
תולאי,Arab,Female,22,0.13
תולין,Arab,Female,112,0.66
תיא,Arab,Female,20,0.12
פאטמה,Arab,Female,197,1.16
שאם,Arab,Female,193,1.14
ריתאל,Arab,Female,191,1.13
רימאס,Arab,Female,172,1.02
סארה,Arab,Female,156,0.92
תאלין,Arab,Female,143,0.84
זינה,Arab,Female,138,0.82
ג'ורי,Arab,Female,137,0.81
סלמא,Arab,Female,103,0.61
פרח,Arab,Female,97,0.57
שהד,Arab,Female,91,0.54
לארין,Arab,Female,87,0.51
זינב,Arab,Female,79,0.47
דארין,Arab,Female,75,0.44
תאליה,Arab,Female,73,0.43
ביאן,Arab,Female,71,0.42
נדא,Arab,Female,71,0.42
נדין,Arab,Female,69,0.41
אסמא,Arab,Female,64,0.38
ריתאג,Arab,Female,63,0.37
ריתאג',Arab,Female,62,0.37
רגד,Arab,Female,62,0.37
רים,Arab,Female,62,0.37
אלאא,Arab,Female,60,0.35
עאישה,Arab,Female,59,0.35
היבא,Arab,Female,58,0.34
סגא,Arab,Female,56,0.33
תאליא,Arab,Female,56,0.33
סירין,Arab,Female,54,0.32
רואיה,Arab,Female,54,0.32
איאת,Arab,Female,51,0.3
קמר,Arab,Female,51,0.3
חנאן,Arab,Female,48,0.28
רימא,Arab,Female,48,0.28
לוגין,Arab,Female,48,0.28
חדיגה,Arab,Female,47,0.28
תלין,Arab,Female,46,0.27
מונא,Arab,Female,45,0.27
אמנה,Arab,Female,45,0.27
אמירה,Arab,Female,44,0.26
תסנים,Arab,Female,43,0.25
ג'נאת,Arab,Female,42,0.25
סלמה,Arab,Female,42,0.25
רזאן,Arab,Female,41,0.24
סדיל,Arab,Female,41,0.24
רסיל,Arab,Female,40,0.24
למיס,Arab,Female,40,0.24
דאניה,Arab,Female,38,0.22
חנין,Arab,Female,38,0.22
רואה,Arab,Female,37,0.22
סואר,Arab,Female,37,0.22
רחמה,Arab,Female,37,0.22
ביילסאן,Arab,Female,35,0.21
סיבא,Arab,Female,35,0.21
הדיל,Arab,Female,35,0.21
דועאא,Arab,Female,34,0.2
אסראא,Arab,Female,34,0.2
רנים,Arab,Female,34,0.2
רוסול,Arab,Female,33,0.19
ג'אנה,Arab,Female,32,0.19
שימאא,Arab,Female,32,0.19
ג'ואן,Arab,Female,32,0.19
מאסה,Arab,Female,32,0.19
שמס,Arab,Female,31,0.18
רתיל,Arab,Female,31,0.18
רינאד,Arab,Female,31,0.18
מסק,Arab,Female,30,0.18
הודא,Arab,Female,30,0.18
סנא,Arab,Female,29,0.17
לינא,Arab,Female,28,0.17
נרמין,Arab,Female,28,0.17
ג'ינא,Arab,Female,28,0.17
סבא,Arab,Female,27,0.16
הנא,Arab,Female,26,0.15
רוקיה,Arab,Female,26,0.15
ספא,Arab,Female,26,0.15
גינא,Arab,Female,26,0.15
סונדוס,Arab,Female,25,0.15
לרין,Arab,Female,25,0.15
מייסם,Arab,Female,25,0.15
בושרא,Arab,Female,25,0.15
רואן,Arab,Female,25,0.15
רנא,Arab,Female,24,0.14
סדין,Arab,Female,24,0.14
יקין,Arab,Female,24,0.14
סדן,Arab,Female,24,0.14
ג'ודי,Arab,Female,23,0.14
ג'זל,Arab,Female,23,0.14
בסמה,Arab,Female,23,0.14
נגם,Arab,Female,23,0.14
מראם,Arab,Female,23,0.14
מרווה,Arab,Female,23,0.14
באנה,Arab,Female,23,0.14
מירנא,Arab,Female,22,0.13
וופא,Arab,Female,22,0.13
ראמה,Arab,Female,22,0.13
אילאף,Arab,Female,22,0.13
סלין,Arab,Female,22,0.13
אבראר,Arab,Female,22,0.13
אריג',Arab,Female,21,0.12
סידרא,Arab,Female,21,0.12
מהא,Arab,Female,21,0.12
יומנא,Arab,Female,21,0.12
אסינאת,Arab,Female,21,0.12
מנאר,Arab,Female,20,0.12
חיאת,Arab,Female,20,0.12
נאדיה,Arab,Female,20,0.12
סוג'וד,Arab,Female,20,0.12
אינס,Arab,Female,19,0.11
רנין,Arab,Female,19,0.11
טיבה,Arab,Female,19,0.11
חביבה,Arab,Female,19,0.11
עליה,Arab,Female,18,0.11
נואל,Arab,Female,18,0.11
בתול,Arab,Female,18,0.11
אמינה,Arab,Female,18,0.11
נבאא,Arab,Female,18,0.11
לימאר,Arab,Female,18,0.11
סלסביל,Arab,Female,17,0.1
גודי,Arab,Female,17,0.1
לוג'ין,Arab,Female,17,0.1
יוסרא,Arab,Female,17,0.1
מרח,Arab,Female,17,0.1
דיאלא,Arab,Female,17,0.1
חלימה,Arab,Female,16,0.09
דאנה,Arab,Female,16,0.09
סמירה,Arab,Female,16,0.09
סמאח,Arab,Female,16,0.09
אחלאם,Arab,Female,16,0.09
דינא,Arab,Female,16,0.09
חור,Arab,Female,16,0.09
מיריל,Arab,Female,9,0.9
ג'ולי,Arab,Female,8,0.8
לורד,Arab,Female,8,0.8
מריאן,Arab,Female,5,0.5
סילינה,Arab,Female,5,0.5
ג'וליה,Arab,Female,5,0.5
ג'ולין,Arab,Female,5,0.5
ליא,Arab,Female,8,0.72
נועה,Jew,Female,1478,2.39
תמר,Jew,Female,1381,2.23
שירה,Jew,Female,1201,1.94
יעל,Jew,Female,1135,1.83
אדל,Jew,Female,1096,1.77
אביגיל,Jew,Female,1039,1.68
איילה,Jew,Female,932,1.51
אסתר,Jew,Female,768,1.24
נויה,Jew,Female,764,1.23
חנה,Jew,Female,719,1.16
אלה,Jew,Female,709,1.15
ליה,Jew,Female,706,1.14
רבקה,Jew,Female,687,1.11
רחל,Jew,Female,642,1.04
הודיה,Jew,Female,630,1.02
עלמה,Jew,Female,619,1
תהל,Jew,Female,557,0.9
חיה,Jew,Female,544,0.88
הילה,Jew,Female,520,0.84
נעמי,Jew,Female,508,0.82
רות,Jew,Female,504,0.81
נגה,Jew,Female,502,0.81
אמה,Jew,Female,472,0.76
גאיה,Jew,Female,401,0.65
אפרת,Jew,Female,398,0.64
לאה,Jew,Female,393,0.63
תהילה,Jew,Female,388,0.63
מיקה,Jew,Female,370,0.6
הדסה,Jew,Female,368,0.59
נעמה,Jew,Female,358,0.58
אמילי,Jew,Female,333,0.54
יהודית,Jew,Female,325,0.53
הדס,Jew,Female,321,0.52
מלכה,Jew,Female,300,0.48
מוריה,Jew,Female,287,0.46
אבישג,Jew,Female,283,0.46
אלישבע,Jew,Female,266,0.43
שני,Jew,Female,252,0.41
דבורה,Jew,Female,239,0.39
אנאל,Jew,Female,233,0.38
נחמה,Jew,Female,219,0.35
אודל,Jew,Female,217,0.35
ברכה,Jew,Female,207,0.33
מאי,Jew,Female,206,0.33
אביטל,Jew,Female,182,0.29
בת שבע,Jew,Female,181,0.29
אלמה,Jew,Female,180,0.29
דניאלה,Jew,Female,176,0.28
הילי,Jew,Female,176,0.28
שילת,Jew,Female,168,0.27
חוה,Jew,Female,162,0.26
צפורה,Jew,Female,161,0.26
יערה,Jew,Female,160,0.26
אלונה,Jew,Female,159,0.26
לינוי,Jew,Female,156,0.25
בתיה,Jew,Female,153,0.25
גלי,Jew,Female,150,0.24
שיראל,Jew,Female,147,0.24
בת,Jew,Female,143,0.23
פיגא,Jew,Female,138,0.22
שושנה,Jew,Female,135,0.22
שי לי,Jew,Female,129,0.21
ענהאל,Jew,Female,124,0.2
רעות,Jew,Female,117,0.19
רונה,Jew,Female,113,0.18
אליאן,Jew,Female,112,0.18
תאיר,Jew,Female,112,0.18
שולמית,Jew,Female,106,0.17
דריה,Jew,Female,103,0.17
יסכה,Jew,Female,101,0.16
איילת,Jew,Female,101,0.16
ליהי,Jew,Female,100,0.16
אמונה,Jew,Female,94,0.15
לורן,Jew,Female,93,0.15
ליהיא,Jew,Female,93,0.15
יולי,Jew,Female,93,0.15
הללי,Jew,Female,93,0.15
טובה,Jew,Female,90,0.15
פנינה,Jew,Female,86,0.14
סופיה,Jew,Female,85,0.14
נוי,Jew,Female,85,0.14
גיטל,Jew,Female,81,0.13
בלומה,Jew,Female,81,0.13
יעלה,Jew,Female,79,0.13
אדוה,Jew,Female,79,0.13
ניקול,Jew,Female,77,0.12
רננה,Jew,Female,77,0.12
עמליה,Jew,Female,75,0.12
צופיה,Jew,Female,75,0.12
יוכבד,Jew,Female,75,0.12
אלינור,Jew,Female,73,0.12
שיינא,Jew,Female,72,0.12
ספיר,Jew,Female,72,0.12
שלי,Jew,Female,71,0.11
אנה,Jew,Female,71,0.11
אחינועם,Jew,Female,68,0.11
תמרה,Jew,Female,66,0.11
שפרה,Jew,Female,65,0.11
אווה,Jew,Female,63,0.1
אודליה,Jew,Female,63,0.1
מיכאלה,Jew,Female,61,0.1
ליבא,Jew,Female,61,0.1
מילה,Jew,Female,61,0.1
שירי,Jew,Female,60,0.1
תפארת,Jew,Female,60,0.1
משי,Jew,Female,60,0.1
נינה,Jew,Female,59,0.1
קורל,Jew,Female,59,0.1
אורה,Jew,Female,57,0.09
דפנה,Jew,Female,55,0.09
ליאה,Jew,Female,55,0.09
צביה,Jew,Female,55,0.09
זואי,Jew,Female,53,0.09
לייה,Jew,Female,52,0.08
דינה,Jew,Female,50,0.08
לילי,Jew,Female,50,0.08
גילה,Jew,Female,50,0.08
אודיה,Jew,Female,49,0.08
עדינה,Jew,Female,49,0.08
אהובה,Jew,Female,47,0.08
נופר,Jew,Female,46,0.07
אליענה,Jew,Female,45,0.07
מרגלית,Jew,Female,45,0.07
איימי,Jew,Female,44,0.07
רייזל,Jew,Female,44,0.07
ענבל,Jew,Female,44,0.07
יוטא,Jew,Female,44,0.07
עטרה,Jew,Female,41,0.07
גולדה,Jew,Female,40,0.06
טלי,Jew,Female,39,0.06
קרן,Jew,Female,38,0.06
גליה,Jew,Female,38,0.06
אליס,Jew,Female,38,0.06
אופל,Jew,Female,38,0.06
אמיליה,Jew,Female,37,0.06
נילי,Jew,Female,37,0.06
אילת,Jew,Female,37,0.06
הינדא,Jew,Female,37,0.06
קים,Jew,Female,37,0.06
מילי,Jew,Female,36,0.06
ליטל,Jew,Female,36,0.06
יפה,Jew,Female,36,0.06
פערל,Jew,Female,36,0.06
רינה,Jew,Female,36,0.06
מייה,Jew,Female,35,0.06
שיינדל,Jew,Female,35,0.06
חגית,Jew,Female,34,0.05
בת אל,Jew,Female,34,0.05
אלכסנדרה,Jew,Female,33,0.05
אמי,Jew,Female,33,0.05
מנוחה,Jew,Female,31,0.05
לילך,Jew,Female,31,0.05
רעיה,Jew,Female,31,0.05
בילא,Jew,Female,31,0.05
קארין,Jew,Female,30,0.05
ענאל,Jew,Female,30,0.05
קרני,Jew,Female,29,0.05
אלומה,Jew,Female,28,0.05
אליזבט,Jew,Female,28,0.05
ליאנה,Jew,Female,27,0.04
כליל,Jew,Female,26,0.04
ליאורה,Jew,Female,26,0.04
רוחמה,Jew,Female,26,0.04
אליסה,Jew,Female,25,0.04
הניה,Jew,Female,25,0.04
עליזה,Jew,Female,25,0.04
פריידא,Jew,Female,25,0.04
שירן,Jew,Female,25,0.04
מושקא,Jew,Female,24,0.04
אלינוי,Jew,Female,24,0.04
איידל,Jew,Female,24,0.04
ליב,Jew,Female,24,0.04
אוולין,Jew,Female,24,0.04
מיטל,Jew,Female,24,0.04
איילת השחר,Jew,Female,24,0.04
דיאנה,Jew,Female,23,0.04
אוליביה,Jew,Female,23,0.04
דורין,Jew,Female,23,0.04
אמלי,Jew,Female,22,0.04
שילי,Jew,Female,22,0.04
נאוה,Jew,Female,22,0.04
אנאבל,Jew,Female,22,0.04
שטערנא,Jew,Female,22,0.04
איטה,Jew,Female,22,0.04
אמור,Jew,Female,22,0.04
שרי,Jew,Female,22,0.04
צילה,Jew,Female,21,0.03
טהר,Jew,Female,21,0.03
מזל,Jew,Female,20,0.03
תהלה,Jew,Female,20,0.03
סופי,Jew,Female,19,0.03
מירב,Jew,Female,19,0.03
צירל,Jew,Female,19,0.03
סימא,Jew,Female,19,0.03
ראשית,Jew,Female,19,0.03
טויבא,Jew,Female,19,0.03
שירז,Jew,Female,19,0.03
ויקטוריה,Jew,Female,18,0.03
גבריאלה,Jew,Female,18,0.03
צליל,Jew,Female,18,0.03
ליאת,Jew,Female,18,0.03
זהבה,Jew,Female,18,0.03
גיטי,Jew,Female,18,0.03
איב,Jew,Female,17,0.03
עדיה,Jew,Female,17,0.03
הלן,Jew,Female,17,0.03
מירל,Jew,Female,17,0.03
היילי,Jew,Female,17,0.03
רותי,Jew,Female,17,0.03
אורטל,Jew,Female,17,0.03
תמרי,Jew,Female,17,0.03
חרות,Jew,Female,17,0.03
תכלת,Jew,Female,17,0.03
קמה,Jew,Female,17,0.03
רחלי,Jew,Female,16,0.03
אלינה,Jew,Female,16,0.03
אסנת,Jew,Female,16,0.03
קירה,Jew,Female,16,0.03
נלי,Jew,Female,16,0.03
כנרת,Jew,Female,16,0.03
ערבה,Jew,Female,15,0.02
נעומי,Jew,Female,15,0.02
שנהב,Jew,Female,15,0.02
עטל,Jew,Female,15,0.02
פראדל,Jew,Female,15,0.02
ליפז,Jew,Female,15,0.02
מירי,Jew,Female,15,0.02
לינור,Jew,Female,15,0.02
שריי,Jew,Female,15,0.02
בלה,Jew,Female,15,0.02
פייגי,Jew,Female,14,0.02
קשת,Jew,Female,14,0.02
זיסל,Jew,Female,14,0.02
אלטע,Jew,Female,14,0.02
הגר,Jew,Female,14,0.02
רנה,Jew,Female,14,0.02
תגל,Jew,Female,14,0.02
שירלי,Jew,Female,14,0.02
טופז,Jew,Female,14,0.02
ניקה,Jew,Female,13,0.02
אנבל,Jew,Female,13,0.02
הענא,Jew,Female,13,0.02
אורלי,Jew,Female,13,0.02
ברוריה,Jew,Female,13,0.02
גאולה,Jew,Female,13,0.02
חדוה,Jew,Female,13,0.02
יהלום,Jew,Female,13,0.02
עלקא,Jew,Female,13,0.02
עטרת,Jew,Female,13,0.02
מיטב,Jew,Female,13,0.02
רימון,Jew,Female,13,0.02
מילנה,Jew,Female,12,0.02
דליה,Jew,Female,12,0.02
הלני,Jew,Female,12,0.02
לונה,Jew,Female,12,0.02
פסיה,Jew,Female,12,0.02
פרידא,Jew,Female,12,0.02
מיילי,Jew,Female,12,0.02
יעלי,Jew,Female,12,0.02
דוריה,Jew,Female,12,0.02
עיינה,Jew,Female,12,0.02
טובי,Jew,Female,12,0.02
פרומט,Jew,Female,12,0.02
אנסטסיה,Jew,Female,11,0.02
מוריאל,Jew,Female,11,0.02
איריס,Jew,Female,11,0.02
שיינה,Jew,Female,11,0.02
חני,Jew,Female,11,0.02
איילין,Jew,Female,11,0.02
פז,Jew,Female,11,0.02
תרצה,Jew,Female,11,0.02
רינת,Jew,Female,11,0.02
אורפז,Jew,Female,11,0.02
אשירה,Jew,Female,10,0.02
אילנה,Jew,Female,10,0.02
קרולינה,Jew,Female,10,0.02
פרומה,Jew,Female,10,0.02
ארייה,Jew,Female,10,0.02
בתאל,Jew,Female,10,0.02
אסיה,Jew,Female,10,0.02
שאנל,Jew,Female,10,0.02
כנה,Jew,Female,10,0.02
יפעת,Jew,Female,10,0.02
אבלין,Jew,Female,10,0.02
מאירה,Jew,Female,10,0.02
ענת,Jew,Female,10,0.02
פרידה,Jew,Female,10,0.02
אופאל,Jew,Female,10,0.02
בל,Jew,Female,10,0.02
אריקה,Jew,Female,9,0.01
אורית,Jew,Female,9,0.01
תלמה,Jew,Female,9,0.01
לבנה,Jew,Female,9,0.01
קמילה,Jew,Female,9,0.01
קסם,Jew,Female,9,0.01
גאלדא,Jew,Female,9,0.01
מיי,Jew,Female,9,0.01
סוניה,Jew,Female,9,0.01
מירה,Jew,Female,9,0.01
אפריל,Jew,Female,9,0.01
שנאל,Jew,Female,9,0.01
נהרה,Jew,Female,9,0.01
ילין,Jew,Female,9,0.01
ליר,Jew,Female,9,0.01
אושרת,Jew,Female,9,0.01
תחיה,Jew,Female,9,0.01
שינא,Jew,Female,9,0.01
תמה,Jew,Female,9,0.01
נורית,Jew,Female,9,0.01
אודאל,Jew,Female,8,0.01
קלואי,Jew,Female,8,0.01
פערי,Jew,Female,8,0.01
שיינדי,Jew,Female,8,0.01
קרין,Jew,Female,8,0.01
מלודי,Jew,Female,8,0.01
ציפא,Jew,Female,8,0.01
מינה,Jew,Female,8,0.01
מליסה,Jew,Female,8,0.01
אלמז,Jew,Female,8,0.01
תיאה,Jew,Female,8,0.01
נסיה,Jew,Female,8,0.01
יה-לי,Jew,Female,8,0.01
עינת,Jew,Female,8,0.01
צוריה,Jew,Female,8,0.01
אריאלה,Jew,Female,8,0.01
בינה,Jew,Female,8,0.01
רויטל,Jew,Female,8,0.01
נהורה,Jew,Female,8,0.01
סנדרה,Jew,Female,8,0.01
היאלי,Jew,Female,8,0.01
מריאל,Jew,Female,8,0.01
ליזה,Jew,Female,8,0.01
שבות,Jew,Female,8,0.01
קריסטינה,Jew,Female,8,0.01
ולריה,Jew,Female,7,0.01
אדלינה,Jew,Female,7,0.01
לארה,Jew,Female,7,0.01
אלכסה,Jew,Female,7,0.01
גולדי,Jew,Female,7,0.01
בתשבע,Jew,Female,7,0.01
אבגיל,Jew,Female,7,0.01
מינדל,Jew,Female,7,0.01
איטא,Jew,Female,7,0.01
ברית,Jew,Female,7,0.01
שרית,Jew,Female,7,0.01
דפני,Jew,Female,7,0.01
אמליה,Jew,Female,7,0.01
סיאל,Jew,Female,7,0.01
לריאן,Jew,Female,7,0.01
עדה,Jew,Female,7,0.01
דיה,Jew,Female,7,0.01
בת חן,Jew,Female,7,0.01
שירת,Jew,Female,7,0.01
נסלי,Jew,Female,7,0.01
שבע,Jew,Female,7,0.01
רויזא,Jew,Female,7,0.01
ענוה,Jew,Female,7,0.01
ביתיה,Jew,Female,7,0.01
קיילה,Jew,Female,6,0.01
מריאנה,Jew,Female,6,0.01
ג'סיקה,Jew,Female,6,0.01
פרלה,Jew,Female,6,0.01
איילי,Jew,Female,6,0.01
אתל,Jew,Female,6,0.01
מילכה,Jew,Female,6,0.01
אוולינה,Jew,Female,6,0.01
אביבה,Jew,Female,6,0.01
הלנה,Jew,Female,6,0.01
טילא,Jew,Female,6,0.01
לבונה,Jew,Female,6,0.01
ריזל,Jew,Female,6,0.01
ראדא,Jew,Female,6,0.01
צוף,Jew,Female,6,0.01
מוניקה,Jew,Female,6,0.01
בת ציון,Jew,Female,6,0.01
צהלי,Jew,Female,6,0.01
יונית,Jew,Female,6,0.01
עתליה,Jew,Female,6,0.01
שיה,Jew,Female,6,0.01
אבראהים,Arab,Male,379,2.13
אווס,Arab,Male,38,0.21
איהאם,Arab,Male,112,0.63
אמין,Arab,Male,58,0.33
באסל,Arab,Male,50,0.28
ג'אד,Arab,Male,45,0.25
ג'ואד,Arab,Male,75,0.42
האני,Arab,Male,33,0.19
היית'ם,Arab,Male,22,0.12
ודיע,Arab,Male,44,0.25
וסים,Arab,Male,56,0.31
ורד,Arab,Male,87,0.49
יזן,Arab,Male,141,0.79
כמאל,Arab,Male,45,0.25
ליית,Arab,Male,57,0.32
מג'ד,Arab,Male,141,0.79
מוניר,Arab,Male,21,0.12
נביל,Arab,Male,28,0.16
סאלח,Arab,Male,104,0.58
סארי,Arab,Male,14,0.08
סולימאן,Arab,Male,125,0.7
סיף,Arab,Male,48,0.27
סלים,Arab,Male,36,0.2
סמיר,Arab,Male,35,0.2
סעיד,Arab,Male,72,0.4
אדיר,Arab,Male,8,0.67
אדם,Arab,Male,486,2.73
אדריאן,Arab,Male,8,0.78
אחמד,Arab,Male,968,5.44
איאן,Arab,Male,12,1
אייל,Arab,Male,13,1.08
אילי,Arab,Male,6,0.59
אימאן,Arab,Male,25,0.14
אליאס,Arab,Male,38,0.21
אמיר,Arab,Male,343,1.93
אנוור,Arab,Male,15,0.08
אסיל,Arab,Male,16,0.09
אסלאם,Arab,Male,26,0.15
ארז,Arab,Male,13,1.08
בראאה,Arab,Male,28,0.16
עיסא,Arab,Male,44,0.25
ג'וד,Arab,Male,198,1.11
ג'וליאן,Arab,Male,13,1.27
גבריאל,Arab,Male,6,0.59
פאדי,Arab,Male,34,0.19
פארס,Arab,Male,72,0.4
גוד,Arab,Male,74,0.42
דן,Arab,Male,16,1.33
דניאל,Arab,Male,20,1.67
יוסף,Arab,Male,593,3.33
כריסטיאן,Arab,Male,11,1.08
כרם,Arab,Male,173,0.97
ראני,Arab,Male,6,0.59
ליאם,Arab,Male,10,0.83
לירן,Arab,Male,7,0.58
מוחמד,Arab,Male,2600,14.62
מלאק,Arab,Male,66,0.37
מרק,Arab,Male,11,1.08
נור,Arab,Male,73,0.41
ניל,Arab,Male,28,2.34
סמר,Arab,Male,20,0.11
עבד,Arab,Male,508,2.86
עדי,Arab,Male,26,0.15
עומר,Arab,Male,554,3.11
עומרי,Arab,Male,65,0.37
עז,Arab,Male,47,0.26
עלי,Arab,Male,425,2.39
ראם,Arab,Male,6,0.5
רון,Arab,Male,7,0.58
ריאן,Arab,Male,131,0.74
רם,Arab,Male,14,1.17
תמיר,Arab,Male,8,0.67
אביב,Jew,Male,350,0.54
אביה,Jew,Male,18,0.03
אגם,Jew,Male,28,0.04
אדיר,Jew,Male,129,0.2
אדם,Jew,Male,475,0.73
אדר,Jew,Male,52,0.08
אדריאן,Jew,Male,10,0.02
אופיר,Jew,Male,295,0.45
אופק,Jew,Male,241,0.37
אופרי,Jew,Male,19,0.03
אור,Jew,Male,415,0.64
אוראל,Jew,Male,163,0.25
אורי,Jew,Male,1477,2.27
אוריאן,Jew,Male,20,0.03
אוריה,Jew,Male,202,0.31
אורין,Jew,Male,44,0.07
אורן,Jew,Male,109,0.17
אושר,Jew,Male,173,0.27
אושרי,Jew,Male,108,0.17
איאן,Jew,Male,6,0.01
אייל,Jew,Male,291,0.45
אייר,Jew,Male,9,0.01
אילי,Jew,Male,18,0.03
אימרי,Jew,Male,130,0.2
אלי,Jew,Male,22,0.03
אליאס,Jew,Male,11,0.02
אליה,Jew,Male,603,0.93
אלירז,Jew,Male,24,0.04
אלכס,Jew,Male,5,0.01
אלמוג,Jew,Male,114,0.18
אמיר,Jew,Male,109,0.17
אסיף,Jew,Male,11,0.02
אפק,Jew,Male,28,0.04
ארבל,Jew,Male,104,0.16
ארז,Jew,Male,107,0.16
אריאל,Jew,Male,1252,1.93
אריה,Jew,Male,136,0.21
בארי,Jew,Male,201,0.31
בר,Jew,Male,104,0.16
ג'וד,Jew,Male,14,0.02
ג'וליאן,Jew,Male,10,0.02
גבריאל,Jew,Male,152,0.23
גוני,Jew,Male,22,0.03
גורי,Jew,Male,6,0.01
גיא,Jew,Male,563,0.87
גיל,Jew,Male,61,0.09
גילי,Jew,Male,24,0.04
גל,Jew,Male,143,0.22
גפן,Jew,Male,38,0.06
דור,Jew,Male,319,0.49
דורון,Jew,Male,49,0.08
דורי,Jew,Male,20,0.03
דן,Jew,Male,194,0.3
דני,Jew,Male,12,0.02
דניאל,Jew,Male,1191,1.83
דר,Jew,Male,5,0.01
דרור,Jew,Male,68,0.1
הדר,Jew,Male,74,0.11
הלל,Jew,Male,322,0.5
הראל,Jew,Male,606,0.93
זוהר,Jew,Male,98,0.15
זיו,Jew,Male,142,0.22
חושן,Jew,Male,14,0.02
חן,Jew,Male,19,0.03
טוהר,Jew,Male,38,0.06
טל,Jew,Male,147,0.23
טלאור,Jew,Male,5,0.01
יהב,Jew,Male,211,0.32
יהל,Jew,Male,58,0.09
יהלי,Jew,Male,259,0.4
יובל,Jew,Male,422,0.65
יוסף,Jew,Male,1344,2.07
ים,Jew,Male,30,0.05
ירדן,Jew,Male,127,0.2
ירין,Jew,Male,211,0.32
כריסטיאן,Jew,Male,6,0.01
כרם,Jew,Male,18,0.03
כרמי,Jew,Male,26,0.04
כרמל,Jew,Male,28,0.04
לוטם,Jew,Male,16,0.02
לי,Jew,Male,14,0.02
ליאור,Jew,Male,374,0.58
ליאל,Jew,Male,112,0.17
ליאם,Jew,Male,450,0.69
ליבי,Jew,Male,13,0.02
ליעד,Jew,Male,144,0.22
לירון,Jew,Male,36,0.06
לירז,Jew,Male,11,0.02
לירי,Jew,Male,6,0.01
לירן,Jew,Male,54,0.08
לישי,Jew,Male,10,0.02
לני,Jew,Male,52,0.08
לשם,Jew,Male,7,0.01
מאור,Jew,Male,356,0.55
מאורי,Jew,Male,11,0.02
מור,Jew,Male,27,0.04
מורן,Jew,Male,10,0.02
מטר,Jew,Male,9,0.01
מיאל,Jew,Male,7,0.01
מיכאל,Jew,Male,597,0.92
מיכל,Jew,Male,17,0.03
מילאן,Jew,Male,11,0.02
מירון,Jew,Male,25,0.04
מישל,Jew,Male,9,0.01
מיתר,Jew,Male,11,0.02
מנור,Jew,Male,11,0.02
מעיין,Jew,Male,160,0.25
מרום,Jew,Male,28,0.04
מרק,Jew,Male,27,0.04
מתן,Jew,Male,319,0.49
נועם,Jew,Male,1608,2.47
נור,Jew,Male,5,0.01
נטע,Jew,Male,67,0.1
ניב,Jew,Male,55,0.08
ניל,Jew,Male,26,0.04
ניצן,Jew,Male,32,0.05
ניר,Jew,Male,81,0.12
נרי,Jew,Male,13,0.02
נריה,Jew,Male,181,0.28
סאלי,Jew,Male,8,0.01
סהר,Jew,Male,126,0.19
סול,Jew,Male,9,0.01
סיון,Jew,Male,8,0.01
סתיו,Jew,Male,29,0.04
עבד,Jew,Male,6,0.01
עדי,Jew,Male,81,0.12
עדיאל,Jew,Male,70,0.11
עדן,Jew,Male,52,0.08
עומר,Jew,Male,695,1.07
עומרי,Jew,Male,332,0.51
עופר,Jew,Male,48,0.07
עופרי,Jew,Male,75,0.12
עז,Jew,Male,7,0.01
עידן,Jew,Male,382,0.59
עינב,Jew,Male,5,0.01
עלי,Jew,Male,14,0.02
עמית,Jew,Male,607,0.93
עמנואל,Jew,Male,81,0.12
ענבר,Jew,Male,29,0.04
פאר,Jew,Male,32,0.05
פלג,Jew,Male,96,0.15
פריאל,Jew,Male,11,0.02
ציון,Jew,Male,13,0.02
קדם,Jew,Male,14,0.02
ראם,Jew,Male,81,0.12
רביד,Jew,Male,23,0.04
רום,Jew,Male,183,0.28
רומי,Jew,Male,16,0.02
רון,Jew,Male,222,0.34
רוני,Jew,Male,29,0.04
רותם,Jew,Male,137,0.21
רז,Jew,Male,86,0.13
ריאן,Jew,Male,10,0.02
ריף,Jew,Male,19,0.03
רם,Jew,Male,19,0.03
רני,Jew,Male,68,0.1
שביט,Jew,Male,8,0.01
שובל,Jew,Male,14,0.02
שוהם,Jew,Male,98,0.15
שחף,Jew,Male,21,0.03
שחר,Jew,Male,283,0.44
שי,Jew,Male,186,0.29
שי-לי,Jew,Male,5,0.01
שילה,Jew,Male,190,0.29
שיר,Jew,Male,26,0.04
שמחה,Jew,Male,102,0.16
שקד,Jew,Male,116,0.18
שרון,Jew,Male,10,0.02
תבל,Jew,Male,13,0.02
תום,Jew,Male,191,0.29
תומר,Jew,Male,201,0.31
תמיר,Jew,Male,58,0.09
גלעד,Jew,Male,,
תיים,Arab,Male,40,0.22
אדהם,Arab,Male,35,0.2
אוסאמה,Arab,Male,48,0.27
אוסיד,Arab,Male,17,0.1
איאד,Arab,Male,18,0.1
איאס,Arab,Male,25,0.14
איהאב,Arab,Male,22,0.12
איוב,Arab,Male,52,0.29
איסמאיל,Arab,Male,49,0.28
אכרם,Arab,Male,37,0.21
אמג'ד,Arab,Male,22,0.12
אניל,Arab,Male,21,1.75
אנס,Arab,Male,85,0.48
אשרף,Arab,Male,18,0.1
באסם,Arab,Male,51,0.29
בדר,Arab,Male,13,0.07
בהאא,Arab,Male,14,0.08
בולוס,Arab,Male,7,0.68
בכר,Arab,Male,32,0.18
בלאל,Arab,Male,39,0.22
בשאר,Arab,Male,19,0.11
בשיר,Arab,Male,19,0.11
ג'אבר,Arab,Male,17,0.1
ג'וזף,Arab,Male,16,1.56
ג'ורג',Arab,Male,42,4.11
ג'יהאד,Arab,Male,23,0.13
ג'יריס,Arab,Male,11,1.08
ג'לאל,Arab,Male,16,0.09
ג'מאל,Arab,Male,64,0.36
ג'מיל,Arab,Male,24,0.13
ג'רייס,Arab,Male,6,0.59
גאזי,Arab,Male,12,0.07
דאוד,Arab,Male,22,0.12
דיאא,Arab,Male,18,0.1
האדי,Arab,Male,41,0.23
האשם,Arab,Male,17,0.1
הישאם,Arab,Male,27,0.15
ואיל,Arab,Male,14,0.08
וליד,Arab,Male,67,0.38
וסאם,Arab,Male,58,0.33
זוהיר,Arab,Male,16,0.09
זיאד,Arab,Male,41,0.23
זייד,Arab,Male,65,0.37
זיידאן,Arab,Male,18,0.1
זיין,Arab,Male,90,0.51
זכריא,Arab,Male,40,0.22
ח'אלד,Arab,Male,210,1.18
ח'ליל,Arab,Male,71,0.4
חאתם,Arab,Male,17,0.1
חביב,Arab,Male,21,0.12
חוסאם,Arab,Male,35,0.2
חוסין,Arab,Male,105,0.59
חמד,Arab,Male,18,0.1
חמזה,Arab,Male,123,0.69
חנא,Arab,Male,17,1.66
חסן,Arab,Male,160,0.9
טאהא,Arab,Male,20,0.11
טאלב,Arab,Male,12,0.07
טארק,Arab,Male,29,0.16
טלאל,Arab,Male,12,0.07
יאמן,Arab,Male,110,0.62
יאסין,Arab,Male,80,0.45
יאסר,Arab,Male,24,0.13
יוחנא,Arab,Male,9,0.88
יונס,Arab,Male,48,0.27
יזיד,Arab,Male,42,0.24
יחיא,Arab,Male,127,0.71
ימאן,Arab,Male,15,0.08
ינאל,Arab,Male,7,0.58
יעקוב,Arab,Male,25,0.14
כארם,Arab,Male,12,0.07
כינאן,Arab,Male,16,0.09
כנאן,Arab,Male,35,0.2
כרים,Arab,Male,180,1.01
לואי,Arab,Male,29,0.16
ליונל,Arab,Male,6,0.59
מאג'ד,Arab,Male,32,0.18
מאהר,Arab,Male,13,0.07
מהדי,Arab,Male,65,0.37
מהראן,Arab,Male,12,0.07
מואייד,Arab,Male,23,0.13
מואמן,Arab,Male,41,0.23
מוהנד,Arab,Male,22,0.12
מוסא,Arab,Male,105,0.59
מוסטפא,Arab,Male,158,0.89
מועאד,Arab,Male,15,0.08
מועאד',Arab,Male,20,0.11
מועין,Arab,Male,13,0.07
מועתז,Arab,Male,72,0.4
מועתסם,Arab,Male,23,0.13
מוראד,Arab,Male,73,0.41
מחמוד,Arab,Male,374,2.1
מישיל,Arab,Male,7,0.68
מרואן,Arab,Male,31,0.17
נאדר,Arab,Male,17,0.1
נאיף,Arab,Male,12,0.07
נאסר,Arab,Male,33,0.19
נדים,Arab,Male,17,0.1
ניזאר,Arab,Male,14,0.08
נימר,Arab,Male,19,0.11
נסים,Arab,Male,39,0.22
נעים,Arab,Male,18,0.1
סאג'ד,Arab,Male,16,0.09
סאלם,Arab,Male,44,0.25
סאמי,Arab,Male,49,0.28
סובחי,Arab,Male,30,0.17
סוהייב,Arab,Male,19,0.11
סיראג',Arab,Male,88,0.49
סלאח,Arab,Male,39,0.22
סלאמה,Arab,Male,19,0.11
סמיח,Arab,Male,15,0.08
סנד,Arab,Male,46,0.26
סעד,Arab,Male,14,0.08
עאדל,Arab,Male,30,0.17
עאטף,Arab,Male,16,0.09
עאמר,Arab,Male,31,0.17
עבדאללה,Arab,Male,176,0.99
עדנאן,Arab,Male,41,0.23
עוביידה,Arab,Male,59,0.33
עודאי,Arab,Male,85,0.48
עודה,Arab,Male,16,0.09
עווד,Arab,Male,14,0.08
עות'מאן,Arab,Male,28,0.16
עיד,Arab,Male,12,0.07
עימאד,Arab,Male,29,0.16
עיסאם,Arab,Male,12,0.07
עלאא,Arab,Male,38,0.21
עמאר,Arab,Male,70,0.39
עמיר,Arab,Male,6,0.5
עמראן,Arab,Male,46,0.26
עמרו,Arab,Male,27,0.15
ענאן,Arab,Male,13,0.07
עפיף,Arab,Male,12,0.07
פאיז,Arab,Male,15,0.08
פהד,Arab,Male,20,0.11
פואד,Arab,Male,23,0.13
פיטר,Arab,Male,6,0.59
פייר,Arab,Male,8,0.78
פיראס,Arab,Male,20,0.11
פריד,Arab,Male,21,0.12
פרנסיס,Arab,Male,8,0.78
פתחי,Arab,Male,15,0.08
קאסם,Arab,Male,54,0.3
קוסאי,Arab,Male,130,0.73
קייס,Arab,Male,80,0.45
קינאן,Arab,Male,26,0.15
קנאן,Arab,Male,20,0.11
ראזי,Arab,Male,32,0.18
ראמי,Arab,Male,29,0.16
רביע,Arab,Male,17,0.1
רדא,Arab,Male,12,0.07
רואד,Arab,Male,29,0.16
ריאד,Arab,Male,23,0.13
רידא,Arab,Male,12,0.07
רקאן,Arab,Male,17,0.1
רשאד,Arab,Male,12,0.07
שאדי,Arab,Male,36,0.2
שאכר,Arab,Male,12,0.07
שרבל,Arab,Male,22,2.15
שריף,Arab,Male,19,0.11
תאופיק,Arab,Male,28,0.16
תאמר,Arab,Male,32,0.18
תייסיר,Arab,Male,16,0.09
תים,Arab,Male,15,0.08
אבי,Jew,Male,12,0.02
אביאור,Jew,Male,17,0.03
אביאל,Jew,Male,258,0.4
אביגדור,Jew,Male,19,0.03
אביהו,Jew,Male,18,0.03
אביחי,Jew,Male,61,0.09
אבינועם,Jew,Male,34,0.05
אביעד,Jew,Male,72,0.11
אביר,Jew,Male,5,0.01
אבירם,Jew,Male,8,0.01
אבישי,Jew,Male,167,0.26
אביתר,Jew,Male,312,0.48
אבנר,Jew,Male,17,0.03
אברהם,Jew,Male,908,1.4
אבשלום,Jew,Male,9,0.01
אדוארד,Jew,Male,5,0.01
אדי,Jew,Male,5,0.01
אהוד,Jew,Male,25,0.04
אהרון,Jew,Male,434,0.67
אוהד,Jew,Male,120,0.18
אוליבר,Jew,Male,7,0.01
און,Jew,Male,7,0.01
אוראן,Jew,Male,10,0.02
אורון,Jew,Male,26,0.04
אוריאל,Jew,Male,252,0.39
אחיה,Jew,Male,83,0.13
אידו,Jew,Male,5,0.01
איטן,Jew,Male,7,0.01
איידן,Jew,Male,8,0.01
אייזיק,Jew,Male,5,0.01
איילון,Jew,Male,15,0.02
אילון,Jew,Male,73,0.11
איליה,Jew,Male,11,0.02
איליי,Jew,Male,148,0.23
אילן,Jew,Male,56,0.09
אילעאי,Jew,Male,12,0.02
אילעי,Jew,Male,15,0.02
איתי,Jew,Male,1274,1.96
איתיאל,Jew,Male,30,0.05
איתם,Jew,Male,16,0.02
איתמר,Jew,Male,851,1.31
איתן,Jew,Male,1275,1.96
אל,Jew,Male,10,0.02
אלאור,Jew,Male,17,0.03
אלדד,Jew,Male,13,0.02
אלדר,Jew,Male,25,0.04
אלון,Jew,Male,673,1.03
אלחי,Jew,Male,10,0.02
אלחנן,Jew,Male,220,0.34
אלטר,Jew,Male,10,0.02
אליאב,Jew,Male,196,0.3
אליאור,Jew,Male,77,0.12
אליאל,Jew,Male,23,0.04
אליהב,Jew,Male,5,0.01
אליהו,Jew,Male,353,0.54
אלימלך,Jew,Male,68,0.1
אליסף,Jew,Male,17,0.03
אליעד,Jew,Male,18,0.03
אליעזר,Jew,Male,146,0.22
אליקים,Jew,Male,6,0.01
אלירן,Jew,Male,60,0.09
אלישי,Jew,Male,10,0.02
אלישיב,Jew,Male,27,0.04
אלישמע,Jew,Male,6,0.01
אלישע,Jew,Male,52,0.08
אלכסנדר,Jew,Male,44,0.07
אלן,Jew,Male,11,0.02
אלנתן,Jew,Male,38,0.06
אלעאי,Jew,Male,25,0.04
אלעד,Jew,Male,168,0.26
אלעזר,Jew,Male,181,0.28
אלקנה,Jew,Male,32,0.05
אלראי,Jew,Male,5,0.01
אלרואי,Jew,Male,125,0.19
אלרוי,Jew,Male,5,0.01
אלרום,Jew,Male,9,0.01
אלרועי,Jew,Male,20,0.03
אלתר,Jew,Male,18,0.03
אמוץ,Jew,Male,5,0.01
אמיל,Jew,Male,12,0.02
אמיתי,Jew,Male,184,0.28
אמרי,Jew,Male,65,0.1
אנדי,Jew,Male,10,0.02
אסא,Jew,Male,10,0.02
אסף,Jew,Male,296,0.46
אפיק,Jew,Male,19,0.03
אפרים,Jew,Male,95,0.15
אראל,Jew,Male,40,0.06
ארד,Jew,Male,27,0.04
ארטיום,Jew,Male,8,0.01
ארי,Jew,Male,146,0.22
אריק,Jew,Male,33,0.05
ארתור,Jew,Male,5,0.01
אשל,Jew,Male,7,0.01
אשר,Jew,Male,117,0.18
בועז,Jew,Male,78,0.12
בן,Jew,Male,496,0.76
בן-אל,Jew,Male,6,0.01
בן-ציון,Jew,Male,6,0.01
בנאל,Jew,Male,5,0.01
בנג'מין,Jew,Male,10,0.02
בני,Jew,Male,5,0.01
בניה,Jew,Male,135,0.21
בניהו,Jew,Male,37,0.06
בנימין,Jew,Male,391,0.6
בצלאל,Jew,Male,37,0.06
בראל,Jew,Male,10,0.02
ברוך,Jew,Male,130,0.2
ברוק,Jew,Male,5,0.01
ברי,Jew,Male,12,0.02
ברק,Jew,Male,58,0.09
ברקאי,Jew,Male,5,0.01
ג'אן,Jew,Male,5,0.01
ג'ונתן,Jew,Male,8,0.01
ג'ושוע,Jew,Male,7,0.01
ג'ייקוב,Jew,Male,4,0.01
גבע,Jew,Male,60,0.09
גד,Jew,Male,12,0.02
גדליה,Jew,Male,17,0.03
גדעון,Jew,Male,15,0.02
גולן,Jew,Male,22,0.03
גור,Jew,Male,44,0.07
גידי,Jew,Male,5,0.01
גלאור,Jew,Male,6,0.01
גלבוע,Jew,Male,8,0.01
גלעד,Jew,Male,120,0.18
גמליאל,Jew,Male,7,0.01
גרשון,Jew,Male,14,0.02
דב,Jew,Male,64,0.1
דביר,Jew,Male,201,0.31
דגן,Jew,Male,11,0.02
דובער,Jew,Male,8,0.01
דוד,Jew,Male,1408,2.17
דולב,Jew,Male,60,0.09
דומיניק,Jew,Male,9,0.01
דוראל,Jew,Male,9,0.01
דוריאן,Jew,Male,8,0.01
דותן,Jew,Male,9,0.01
דיויד,Jew,Male,18,0.03
דייויד,Jew,Male,7,0.01
דילן,Jew,Male,32,0.05
דין,Jew,Male,34,0.05
דמיטרי,Jew,Male,6,0.01
דנאל,Jew,Male,5,0.01
דניס,Jew,Male,9,0.01
דקל,Jew,Male,26,0.04
הוד,Jew,Male,32,0.05
הילאי,Jew,Male,7,0.01
הילל,Jew,Male,98,0.15
זאב,Jew,Male,61,0.09
זלמן,Jew,Male,10,0.02
חגי,Jew,Male,39,0.06
חי,Jew,Male,7,0.01
חיים,Jew,Male,551,0.85
חנוך,Jew,Male,31,0.05
חנן,Jew,Male,8,0.01
חננאל,Jew,Male,22,0.03
חנניה,Jew,Male,15,0.02
טאי,Jew,Male,5,0.01
טוביה,Jew,Male,34,0.05
טום,Jew,Male,89,0.14
טומי,Jew,Male,68,0.1
טים,Jew,Male,5,0.01
טימור,Jew,Male,6,0.01
טמסגן,Jew,Male,6,0.01
יאיר,Jew,Male,825,1.27
יאן,Jew,Male,42,0.06
יאר,Jew,Male,10,0.02
יגאל,Jew,Male,6,0.01
יגל,Jew,Male,98,0.15
ידידיה,Jew,Male,165,0.25
ידין,Jew,Male,6,0.01
יהודה,Jew,Male,856,1.32
יהונתן,Jew,Male,1130,1.74
יהושע,Jew,Male,140,0.22
יואב,Jew,Male,418,0.64
יואל,Jew,Male,101,0.16
יוגב,Jew,Male,38,0.06
יוחאי,Jew,Male,55,0.08
יוחנן,Jew,Male,27,0.04
יום,Jew,Male,5,0.01
יונה,Jew,Male,33,0.05
יוני,Jew,Male,16,0.02
יונתן,Jew,Male,887,1.36
יועד,Jew,Male,9,0.01
יוראי,Jew,Male,6,0.01
יותם,Jew,Male,175,0.27
יחזקאל,Jew,Male,79,0.12
יחיאל,Jew,Male,121,0.19
ינאי,Jew,Male,326,0.5
ינון,Jew,Male,200,0.31
יניב,Jew,Male,30,0.05
יניר,Jew,Male,14,0.02
יעקב,Jew,Male,666,1.02
יער,Jew,Male,16,0.02
יערי,Jew,Male,11,0.02
יפתח,Jew,Male,72,0.11
יצחק,Jew,Male,637,0.98
יקותיאל,Jew,Male,31,0.05
יקיר,Jew,Male,42,0.06
ירון,Jew,Male,12,0.02
ירחמיאל,Jew,Male,12,0.02
ישורון,Jew,Male,6,0.01
ישי,Jew,Male,370,0.57
ישכר,Jew,Male,28,0.04
ישעי,Jew,Male,6,0.01
ישעיה,Jew,Male,35,0.05
ישעיהו,Jew,Male,27,0.04
ישראל,Jew,Male,695,1.07
יששכר,Jew,Male,20,0.03
כפיר,Jew,Male,165,0.25
לאו,Jew,Male,6,0.01
לאון,Jew,Male,48,0.07
לאונרדו,Jew,Male,6,0.01
לב,Jew,Male,27,0.04
לביא,Jew,Male,468,0.72
להב,Jew,Male,17,0.03
לוטן,Jew,Male,11,0.02
לוי,Jew,Male,112,0.17
לוקאס,Jew,Male,5,0.01
לוקה,Jew,Male,5,0.01
ליאב,Jew,Male,146,0.22
ליאו,Jew,Male,76,0.12
ליאון,Jew,Male,34,0.05
לידור,Jew,Male,66,0.1
ליעוז,Jew,Male,15,0.02
ליעם,Jew,Male,43,0.07
ליפא,Jew,Male,5,0.01
לירוי,Jew,Male,179,0.28
לירום,Jew,Male,7,0.01
לירם,Jew,Male,9,0.01
מאיר,Jew,Male,452,0.7
מבשר,Jew,Male,23,0.04
מורי,Jew,Male,14,0.02
מידד,Jew,Male,5,0.01
מידן,Jew,Male,10,0.02
מייק,Jew,Male,8,0.01
מייקל,Jew,Male,18,0.03
מיכה,Jew,Male,8,0.01
מילן,Jew,Male,5,0.01
מישאל,Jew,Male,8,0.01
מלאכי,Jew,Male,134,0.21
מלכיאל,Jew,Male,6,0.01
מנדל,Jew,Male,10,0.02
מנחם,Jew,Male,377,0.58
מנשה,Jew,Male,12,0.02
מעוז,Jew,Male,25,0.04
מקס,Jew,Male,14,0.02
מקסים,Jew,Male,30,0.05
מרדכי,Jew,Male,382,0.59
מרטין,Jew,Male,9,0.01
מרסל,Jew,Male,4,0.01
משה,Jew,Male,1017,1.56
משולם,Jew,Male,10,0.02
מתיא,Jew,Male,7,0.01
מתנאל,Jew,Male,38,0.06
מתניה,Jew,Male,37,0.06
מתתיהו,Jew,Male,6,0.01
נאור,Jew,Male,82,0.13
נבו,Jew,Male,212,0.33
נגב,Jew,Male,13,0.02
נדב,Jew,Male,431,0.66
נהוראי,Jew,Male,540,0.83
נוה,Jew,Male,216,0.33
נוריאל,Jew,Male,16,0.02
נח,Jew,Male,36,0.06
נחום,Jew,Male,38,0.06
נחמיה,Jew,Male,18,0.03
נחמן,Jew,Male,185,0.28
נחשון,Jew,Male,12,0.02
ניסים,Jew,Male,37,0.06
ניסן,Jew,Male,8,0.01
ניק,Jew,Male,8,0.01
ניקולס,Jew,Male,5,0.01
ניקיטה,Jew,Male,19,0.03
ניתאי,Jew,Male,403,0.62
נמרוד,Jew,Male,23,0.04
נפתלי,Jew,Male,133,0.2
נצר,Jew,Male,6,0.01
נתיב,Jew,Male,9,0.01
נתן,Jew,Male,323,0.5
נתנאל,Jew,Male,475,0.73
סאן,Jew,Male,6,0.01
סטיב,Jew,Male,10,0.02
סטיבן,Jew,Male,7,0.01
סטפן,Jew,Male,5,0.01
סיימון,Jew,Male,5,0.01
סיני,Jew,Male,20,0.03
סלע,Jew,Male,7,0.01
סמואל,Jew,Male,11,0.02
סער,Jew,Male,50,0.08
עברי,Jew,Male,70,0.11
עובדיה,Jew,Male,208,0.32
עודד,Jew,Male,21,0.03
עוז,Jew,Male,162,0.25
עוזיאל,Jew,Male,6,0.01
עזרא,Jew,Male,24,0.04
עזריאל,Jew,Male,10,0.02
עידו,Jew,Male,878,1.35
עיטם,Jew,Male,12,0.02
עילאי,Jew,Male,592,0.91
עילי,Jew,Male,172,0.26
עיליי,Jew,Male,21,0.03
עילם,Jew,Male,9,0.01
עלאי,Jew,Male,7,0.01
עמוס,Jew,Male,21,0.03
עמיאל,Jew,Male,5,0.01
עמיחי,Jew,Male,77,0.12
עמרם,Jew,Male,18,0.03
ענר,Jew,Male,14,0.02
עקיבא,Jew,Male,83,0.13
עקיבה,Jew,Male,5,0.01
ערד,Jew,Male,7,0.01
ערן,Jew,Male,25,0.04
עשהאל,Jew,Male,9,0.01
עתי,Jew,Male,107,0.16
פורת,Jew,Male,7,0.01
פלא,Jew,Male,9,0.01
פנחס,Jew,Male,155,0.24
פסח,Jew,Male,8,0.01
צבי,Jew,Male,198,0.3
צוק,Jew,Male,5,0.01
צור,Jew,Male,46,0.07
צורי,Jew,Male,15,0.02
צוריאל,Jew,Male,10,0.02
קאי,Jew,Male,26,0.04
קורן,Jew,Male,75,0.12
ראובן,Jew,Male,92,0.14
רביב,Jew,Male,6,0.01
רגב,Jew,Male,18,0.03
רואי,Jew,Male,103,0.16
רווה,Jew,Male,6,0.01
רוי,Jew,Male,103,0.16
רונאל,Jew,Male,26,0.04
רונן,Jew,Male,10,0.02
רועי,Jew,Male,366,0.56
רזיאל,Jew,Male,28,0.04
ריו,Jew,Male,5,0.01
ריי,Jew,Male,11,0.02
רן,Jew,Male,44,0.07
רנאל,Jew,Male,6,0.01
רנן,Jew,Male,8,0.01
רעי,Jew,Male,28,0.04
רענן,Jew,Male,5,0.01
רפאל,Jew,Male,456,0.7
שאול,Jew,Male,44,0.07
שבתאי,Jew,Male,5,0.01
שבתי,Jew,Male,7,0.01
שגב,Jew,Male,25,0.04
שגיא,Jew,Male,89,0.14
שגיב,Jew,Male,13,0.02
שון,Jew,Male,111,0.17
שחק,Jew,Male,7,0.01
שי-אל,Jew,Male,8,0.01
שילו,Jew,Male,15,0.02
שלו,Jew,Male,122,0.19
שלום,Jew,Male,182,0.28
שלומי,Jew,Male,14,0.02
שליו,Jew,Male,155,0.24
שלם,Jew,Male,6,0.01
שלמה,Jew,Male,477,0.73
שמואל,Jew,Male,534,0.82
שמעון,Jew,Male,469,0.72
שמעיה,Jew,Male,9,0.01
שמשון,Jew,Male,24,0.04
שניאור,Jew,Male,110,0.17
שניר,Jew,Male,18,0.03
שראל,Jew,Male,5,0.01
שרגא,Jew,Male,14,0.02
שריה,Jew,Male,5,0.01
תבור,Jew,Male,17,0.03
תדהר,Jew,Male,6,0.01
תובל,Jew,Male,5,0.01
תומאס,Jew,Male,8,0.01
תומי,Jew,Male,6,0.01
תיאו,Jew,Male,8,0.01
יורם,Jew,Male,1,0.0001
אברהים,Arab,Male,1,0.0001
יזהר,Jew,Male,1,0.0001
יוסי,Jew,Male,1,0.0001
שלומית,Jew,Female,1,0.0001
בעז,Jew,Male,1,0.0001
גדי,Jew,Male,1,0.0001
גלית,Jew,Female,1,0.0001
אברה,Arab,Male,1,0.0001
חאלד,Arab,Male,1,0.0001
תופיק,Arab,Male,1,0.0001
שפיק,Arab,Male,1,0.0001
ראפת,Arab,Male,1,0.0001
מורסי,Arab,Male,1,0.0001
מארון,Arab,Male,1,0.0001
מאיסא,Arab,Male,1,0.0001
איימן,Arab,Male,1,0.0001
באדר,Arab,Male,1,0.0001
מגדי,Arab,Male,1,0.0001
זכריה,Jew,Male,1,0.0001
אלדין,Arab,Male,1,0.0001
בדר,Arab,Male,1,0.0001
נמיר,Arab,Male,1,0.0001
גיורא,Jew,Male,1,0.0001
אביבית,Jew,Female,1,0.0001
עוזי,Jew,Male,1,0.0001
נתי,Jew,Male,1,0.0001
רהב,Jew,Male,1,0.0001
עדו,Jew,Male,1,0.0001
עדו,Jew,Female,1,0.0001
עמירם,Jew,Male,1,0.0001
ארנון,Jew,Male,1,0.0001
עפר,Jew,Male,1,0.0001
צביקה,Jew,Male,1,0.0001
נעם,Jew,Male,1,0.0001
נעם,Jew,Female,1,0.0001
שולה,Jew,Female,1,0.0001
ישראלה,Jew,Female,1,0.0001
נאצר,Arab,Male,1,0.0001
שושי,Jew,Female,1,0.0001
חובב,Jew,Male,1,0.0001
רחמים,Jew,Male,1,0.0001
אירית,Jew,Female,1,0.0001
מאזן,Arab,Male,1,0.0001
סמדר,Jew,Female,1,0.0001
נס,Jew,Male,1,0.0001
סיגי,Jew,Female,1,0.0001
מוטי,Jew,Male,1,0.0001
איל,Jew,Male,1,0.0001
חסאן,Arab,Male,1,0.0001
לורה,Jew,Female,1,0.0001
לורה,Arab,Female,1,0.0001
ששון,Jew,Male,1,0.0001
ג'ובראן,Arab,Male,1,0.0001
עביר,Arab,Male,1,0.0001
ששי,Jew,Male,1,0.0001
לימור,Jew,Female,1,0.0001
אולגה,Jew,Female,1,0.0001
ירוחם,Jew,Male,1,0.0001
אמנון,Jew,Male,1,0.0001
אחיקם,Jew,Male,1,0.0001
עופרה,Jew,Female,1,0.0001
סלעית,Jew,Female,1,0.0001
זהר,Jew,Male,1,0.0001
זהר,Jew,Female,1,0.0001
מאדי,Arab,Male,1,0.0001
חוסיין,Arab,Male,1,0.0001
סיגל,Jew,Female,1,0.0001
מדחת,Arab,Male,1,0.0001
עמר,Jew,Male,1,0.0001
עמר,Jew,Female,1,0.0001
אלכרים,Arab,Male,1,0.0001
ניצנה,Jew,Female,1,0.0001
עמיקם,Jew,Male,1,0.0001
ירום,Jew,Male,1,0.0001
אהרן,Jew,Male,1,0.0001
אהרן,Arab,Male,1,0.0001
נג'יב,Arab,Male,1,0.0001
דודו,Arab,Male,1,0.0001
דודו,Jew,Male,1,0.0001
רונית,Jew,Female,1,0.0001
עלא,Arab,Female,1,0.0001
נאיל,Arab,Female,1,0.0001
נטליה,Jew,Female,1,0.0001
פיני,Jew,Male,1,0.0001
מופיד,Arab,Male,1,0.0001
נדאל,Arab,Male,1,0.0001
אומימה,Arab,Female,1,0.0001
לביב,Jew,Male,1,0.0001
מקי,Jew,Male,1,0.0001
מיקי,Jew,Female,1,0.0001
צדוק,Jew,Male,1,0.0001
ג'האד,Arab,Male,1,0.0001
גמיל,Arab,Male,1,0.0001
היתם,Arab,Male,1,0.0001
עסאם,Arab,Male,1,0.0001
אוסמה,Arab,Male,1,0.0001
רמי,Arab,Male,1,0.0001
רמי,Jew,Male,1,0.0001
ג'ק,Jew,Male,1,0.0001
ג'ק,Arab,Male,1,0.0001
הרצל,Jew,Male,1,0.0001
מאירי,Jew,Male,1,0.0001
רשף,Jew,Male,1,0.0001
נביה,Arab,Male,1,0.0001
אשרת,Jew,Female,1,0.0001
סנאא,Arab,Female,1,0.0001
קובי,Jew,Male,1,0.0001
צפריר,Jew,Male,1,0.0001
תמים,Arab,Male,1,0.0001
תמים,Jew,Male,1,0.0001
מוטי,Jew,Male,1,0.0001
עמרי,Jew,Male,1,0.0001
עמרי,Arab,Male,1,0.0001
עמרי,Jew,Female,1,0.0001
זכי,Arab,Male,1,0.0001
איברהים,Arab,Male,1,0.0001
רומן,Jew,Male,1,0.0001
דלית,Jew,Female,1,0.0001
מוסטפה,Arab,Male,1,0.0001
רפי,Jew,Male,1,0.0001
גבי,Jew,Male,1,0.0001
גבי,Jew,Female,1,0.0001
יוהנה,Jew,Female,1,0.0001
אסעד,Arab,Male,1,0.0001
צרויה,Jew,Male,1,0.0001
אפי,Jew,Male,1,0.0001
ויקטור,Jew,Male,1,0.0001
ויקטור,Arab,Male,1,0.0001
ראפי,Arab,Male,1,0.0001
דרוויש,Arab,Male,1,0.0001
אמיתי,Jew,Male,1,0.0001
בילאל,Arab,Male,1,0.0001
